{"0": [], "1": [], "score": [15, 10, 9, 18, 17, 13, 9, 18, 25, 14, 89, 69], "3": [[0.6875, 0.5412977442611009], [0.65625, 0.4661041604849743], [0.78125, 0.5845210932463374], [0.78125, 0.5778601354695638], [0.90625, 0.5674934966091314], [0.9375, 0.5627998624124757], [0.9375, 0.3578587579684154], [0.9375, 0.3809097307994307], [0.96875, 0.5475796313488672], [0.84375, 0.1962997009377503], [0.9375, 0.5452621796992521], [0.9375, 0.5406299114896242], [0.90625, 0.3701009000490316], [0.875, 0.18106064464126348], [0.96875, 0.17702200251108025], [0.96875, 0.35046799479653146], [0.90625, 0.36961280687803033], [0.875, 0.18324673122119606]], "mean": [0, 0, 0, 0, 0, 0, 0, 0, 0, 0, 0, 0], "5": [[0.6875, 0.7029762496240437], [0.9375, 0.21504343278985516], [0.59375, 0.8448584978802103], [0.9375, 0.41724718267050775], [0.875, 0.6152259329425687], [0.75, 0.6348214004305817], [0.9375, 0.4145257141692582], [0.9375, 0.40964022659629507], [0.875, 0.6199966347965109], [0.75, 0.6233521657086385], [0.96875, 0.21181144878028135], [0.84375, 0.619386086434428], [0.90625, 0.40704955751095895]], "6": [[0.6875, 0.47193145267328873], [0.75, 0.4293992660822141], [0.75, 0.437451043814308], [0.78125, 0.21606361414764308], [0.875, 0.2178580928157956], [0.84375, 0.6403947189372445], [0.78125, 0.22061827335893014], [0.875, 0.4276506736617094], [0.75, 0.6502586297213568]], "7": [[0.6875, 0.4846821085435522], [0.78125, 0.2223268211520235], [0.90625, 0.650806326008933], [0.65625, 0.8814518953743118], [0.71875, 0.6668072672819108], [0.78125, 0.4320556792099097], [0.71875, 0.4367830611850536], [0.8125, 0.4250468787890327], [0.875, 0.6672039900750235], [0.84375, 0.21346557482684148], [0.875, 0.43709678957127096], [0.875, 0.012105809557809266], [0.78125, 0.22349498424541991], [0.75, 0.6465243930919939], [0.6875, 0.441374989670436], [0.8125, 0.43746841009470927], [0.75, 0.45737443688911306], [0.78125, 0.22702420878925977]], "8": [[0.8125, 0.2574810042234503], [0.84375, 0.22355107474925973], [0.53125, 0.7217264232949674], [0.625, 0.6868884613658679], [0.59375, 0.2393982716237133], [0.6875, 0.6853726429171161], [0.71875, 0.231332673399109], [0.75, 0.45369713387503907], [0.90625, 0.23007389605083972], [0.65625, 0.4443415432910456], [0.78125, 0.24390437822029476], [0.96875, 0.2435649391801462], [0.84375, 0.44459443831813417], [0.59375, 0.22012981908017082], [0.625, 0.4587843206220441], [0.75, 0.6823429920198354], [0.59375, 0.673505150944365], [0.6875, 0.009840187786608112], [0.84375, 0.002769846098203743], [0.8125, 0.6671395096879991], [0.625, 0.4481519478149494], [0.5625, 0.4322936167830278], [0.625, 0.0019647958340840432], [0.9375, 0.2414811256646221], [0.8125, 0.002341132480523811]], "9": [[0.71875, 0.5142273078973858], [0.75, 0.9497505177839685], [0.59375, 1.1573705062886077], [0.71875, 0.023788393708798594], [0.65625, 1.1613649842475127], [0.59375, 0.4774070182788819], [0.625, 0.49208898076996377], [0.75, 0.2597923282329688], [0.6875, 0.6922261827779455], [0.8125, 0.26155622469786977], [0.625, 0.7236988828730091], [0.8125, 0.4789378173536534], [0.75, 0.2370968336903161], [0.8125, 0.4961487243600686]], "10": [[0.59375, 0.03665650287257449], [0.96875, 0.261232618792846], [0.84375, 0.7135010289432131], [0.96875, 0.22967441124535704], [0.5625, 0.9087879649548114], [0.65625, 0.018456961552189455], [0.9375, 0.005194905420097484], [0.84375, 0.7415976923734338], [0.84375, 0.5042902693456881], [0.9375, 0.45305894754312703], [0.84375, 0.4724964697326204], [0.65625, 0.7374267111483732], [0.71875, 0.7360084921559817], [0.875, 0.008560274471790308], [0.90625, 0.4976363736765279], [0.90625, 0.25218640316180796], [0.8125, 0.7523393855624363], [0.78125, 0.22604812631107052], [0.96875, 0.26666141242867525], [0.8125, 0.9444305392529646], [0.78125, 0.23609949837777044], [0.875, 0.010608198641449462], [0.8125, 0.9877822265342076], [0.71875, 0.256764664110392], [0.625, 1.1906853526819976], [0.78125, 0.47310548168809596], [0.9375, 0.25996727769012296], [0.84375, 0.26596676523374185], [0.90625, 0.2485232797839121], [0.9375, 0.015064891365115685], [0.90625, 0.25562242851805195], [0.875, 0.7191410477955458], [0.78125, 0.49307807637659096], [0.65625, 0.7016876480573799], [0.6875, 0.7054373865913703], [0.78125, 0.2900649576183696], [0.875, 0.004382631979126472], [0.90625, 0.24148039126720278], [0.6875, 0.9252067733773686], [0.8125, 0.4937516571314404], [0.78125, 0.4938230710435505], [0.59375, 1.2174527204618926], [0.65625, 0.925134242684635], [0.84375, 0.48704025564029507], [0.84375, 0.26024507561844246], [0.65625, 0.6917567227301902], [0.84375, 0.45581232170306407], [0.59375, 0.9787489133513816], [0.625, 0.923335290538887], [0.8125, 0.5216951225357036], [0.875, 0.4751072598710948], [0.84375, 0.005629775582747243], [0.9375, 0.21351673615825462], [0.875, 0.014152235315918915], [0.875, 0.7090671891655678], [0.625, 0.27295668905721016], [0.875, 0.261413555571238], [0.90625, 0.0034335037571580074], [0.96875, 0.0018642025738451196], [0.71875, 1.0038685522360993], [0.8125, 0.004985376515559636], [0.8125, 0.6657767120483271], [0.8125, 0.2845530620607235], [0.8125, 0.47793435230900627], [0.71875, 0.9574771690786736], [0.6875, 0.017000900439853694], [0.78125, 0.7110386083322382], [0.84375, 0.2320198895284591], [0.75, 0.49101689573069507], [0.9375, 0.45153764988579326], [0.8125, 0.6649061884190388], [0.90625, 0.23009405205175426], [0.875, 0.2723176293990832], [0.71875, 0.25818554992500253], [0.8125, 0.23483315957918194], [0.71875, 0.21824924741406448], [0.75, 0.2603741919969025], [0.8125, 0.23470332715904085], [0.78125, 0.27743534578246454], [0.71875, 0.2552691509016558], [0.6875, 0.4587941560795059], [0.875, 0.004496629968571142], [0.90625, 0.00266166465844897], [0.875, 0.2476014326585414], [0.8125, 0.7151882664140885], [0.875, 0.27165362613811794], [0.875, 0.005830162278755324], [0.875, 0.22217016700523118], [0.90625, 0.22313645089940337]],