{"0": [], "1": [[0.4375, 0.4179380922578275], [0.46875, 0.3294296895619482], [0.4375, 0.27524024753802223], [0.5, 0.22808671502480138], [0.5, 0.2017764617935427], [0.625, 0.1929386842171823], [0.625, 0.18371621327059984], [0.59375, 0.18112132551453897], [0.6875, 0.00792294316522657], [0.53125, 0.176324711345746], [0.5625, 0.17030364850700153], [0.53125, 0.16905315207191052], [0.65625, 0.16717292470072165], [0.59375, 0.16460301034096858], [0.71875, 0.0019170885178394492], [0.8125, 0.16408606713412865], [0.71875, 0.16205818279483333], [0.84375, 0.0012269612512056938], [0.78125, 0.16168499843027462], [0.75, 0.0018789285880238538], [0.90625, 0.00030227437474650287], [0.75, 0.0006634256032874986], [0.84375, 0.00021522356739644977], [0.84375, 0.00025195865561267183], [0.84375, 0.00022615739433096138], [0.8125, 0.1634117511745714], [0.71875, 0.1606051130685735], [0.78125, 0.1609452864334031], [0.90625, 0.0010117717958841865], [0.75, 0.15965739138509605], [0.8125, 0.0032264361028495614]], "2": [[0.65625, 0.277946140948643], [0.65625, 0.1897161857723404], [0.5625, 0.36401243958818696], [0.5, 0.183238709733617], [0.75, 0.3596167513657065], [0.625, 0.003097348413184875], [0.5625, 0.0015506611132423131], [0.65625, 0.1777781340334741], [0.78125, 0.17333893512286525], [0.71875, 0.0023302951777002257], [0.46875, 0.0014558132067374885], [0.4375, 0.0012465696714745178], [0.4375, 0.0010522276718329948], [0.5625, 0.0005680688677216494], [0.59375, 0.0003963342980615181], [0.65625, 0.35661567065560007], [0.5625, 0.0019292773220094261], [0.625, 0.18004312429265745], [0.625, 0.18014407613524952], [0.53125, 0.0007449972294786278], [0.59375, 0.35266701664016864], [0.46875, 0.1750543155010007], [0.4375, 0.1723837068864782], [0.6875, 0.004451248992591417], [0.4375, 0.0022847768878566654], [0.8125, 0.00048249936632593915], [0.875, 0.0007571839982382089], [0.71875, 0.0005700171385374375], [0.8125, 0.0005619785837733815], [0.71875, 0.17892399188224672], [0.6875, 0.17487017598763543], [0.8125, 0.0018683781248043374], [0.6875, 0.0008365913092305277], [0.8125, 0.0007905913104613305], [0.71875, 0.17485650243588235], [0.78125, 0.3459049374907792], [0.6875, 0.0031165099491392567], [0.53125, 0.004489878410055326]], "3": [[0.71875, 0.05973146811505359], [0.625, 0.19477464427933455], [0.59375, 0.0037383535926847067], [0.75, 0.0010445899858950725], [0.90625, 0.18550808102896355], [0.90625, 0.002300736913790402], [0.8125, 0.382363480455183], [0.65625, 0.37723417512929025], [0.78125, 0.004358708845629167], [0.75, 0.1951137929115987]], "4": [[0.53125, 0.2493201962869307], [0.625, 0.21155355261544173], [0.75, 0.4018590775255859], [0.84375, 0.01019473427226103], [0.875, 0.20915724433109517], [0.65625, 0.4127595089800895], [0.65625, 0.20696196059904537], [0.9375, 0.2071584981071073]], "5": [[0.875, 0.9112052024584045], [0.90625, 0.4211530825942873], [0.90625, 0.009340321547000485], [0.53125, 0.4411572652205109], [0.65625, 0.0033152395558744274], [0.90625, 0.4348096977978049], [0.90625, 0.216106066324798], [0.875, 0.43806967368936967], [0.8125, 0.6397893030323676]], "6": [[0.5, 0.5096057837539547], [0.875, 0.23317472889278434], [0.9375, 0.22523846793182578], [0.90625, 0.44428310955149897], [0.84375, 0.8992723004988648], [0.75, 0.008585107887491006], [0.9375, 0.22074634925610326], [0.9375, 0.228028981973182], [0.78125, 0.2284206522676797], [0.5625, 0.2356492594699109], [0.9375, 0.22209904186377116], [0.875, 0.23443362604064788], [0.90625, 0.0034331229348172343], [0.9375, 0.231180053074457]], "7": [[0.71875, 0.2720897339221171], [0.65625, 0.7023817386080111], [0.90625, 0.24321543702621007], [0.71875, 0.23760399852005776], [0.78125, 0.24125864146664355], [0.59375, 0.2432318282500745], [0.90625, 0.46726488815962597], [0.78125, 0.23495690254431345], [0.53125, 0.9372101298597943], [0.53125, 0.4708363974218912], [0.8125, 0.44058487839100735], [1.0, 0.003079124795902999], [0.96875, 0.001754232252773491], [0.71875, 0.4792038265520375], [0.53125, 0.9101559173306413], [0.625, 0.6890272549740359], [0.84375, 0.7111996594834977]], "epsilon": [1.0, 0.7323033696543974, 0.4998370298991989, 0.4520436502664754, 0.41712087993322045, 0.38104711810454983, 0.33103308832101386, 0.2790420885850588, 0.2600854613777259, 0.22594815553398728, 0.19432859888279505, 0.16380796970808745], "9": [[0.71875, 0.2690229975794409], [0.75, 0.2483395980073766], [0.84375, 0.010256104567304192], [0.8125, 0.747131198553376], [0.90625, 0.004489979591028259], [0.9375, 0.47584210057974197], [0.90625, 0.933699227211946], [0.96875, 0.24209069948303075], [0.90625, 0.5072078049354332], [0.6875, 0.5049704032456077], [0.875, 0.23032857800660622], [0.90625, 0.7233254236411071], [0.8125, 0.01735951259249191], [0.8125, 0.2319195534326468]], "10": [[0.65625, 0.5291850200726458], [0.71875, 0.4943236017251422], [0.71875, 0.004180835036658337], [0.6875, 1.2058948612738902], [0.71875, 0.9221504477948486], [0.6875, 0.5253441986677547], [0.40625, 0.5351332159927722], [0.625, 0.009502311538767572], [0.84375, 0.22057199412336104], [0.5625, 0.2678331829886247], [0.75, 0.4854364948284058], [0.6875, 0.45173200030220073], [0.71875, 0.7595924293875669], [0.8125, 0.2495910537012378], [0.65625, 0.7192293997846804]], "11": [[0.46875, 1.0255091768647162], [0.59375, 0.5352867146490325], [0.65625, 0.959168734725381], [0.78125, 0.26155328818052226], [0.8125, 0.27625073306813874], [0.75, 0.6872423534156482], [0.8125, 0.4573895490107134], [0.84375, 0.2787455964501646], [0.875, 0.23611623903809686], [0.84375, 0.28401208779149556], [0.84375, 0.7257946233908115], [0.875, 0.4759562300400262], [0.875, 0.01003156824563689], [0.8125, 0.449380570628648], [0.65625, 0.30534005944127784], [0.875, 0.7005816188836889], [0.71875, 0.5242405691104182]], "8": [[0.40625, 0.05491984245065851], [0.75, 0.7220670200115382], [0.84375, 0.6944772514531792], [0.9375, 0.011470211084144921], [0.96875, 0.23979930615070089], [0.875, 0.24807102434749595], [0.78125, 0.49178180381247927]], "mean": [0, 0, 0, 0, 0, 0, 0, 0, 0, 0, 0, 0], "score": [25, 37, 38, 10, 8, 9, 14, 17, 7, 14, 15, 17]}