{"0": [], "1": [[0.53125, 0.3954300223849714], [0.5, 0.3712911899201572]], "2": [[0.59375, 0.5378595418296754], [0.5625, 0.3643553592264652], [0.5, 0.4720218399888836], [0.625, 0.41013121316063916], [0.65625, 0.38365639997027756], [0.65625, 0.3637111905219399], [0.65625, 0.1837056790918723], [0.75, 0.17530485321805145], [0.71875, 0.33902545861990063], [0.78125, 0.16925089386359105], [0.8125, 0.1710936754917034], [0.8125, 0.33266489922080966], [0.8125, 0.16792403540114265], [0.75, 0.0013061871243778], [0.8125, 0.001033242982728666], [0.84375, 0.33314084781554876], [0.8125, 0.3312524120364593], [0.8125, 0.33101521839483816]], "3": [[0.625, 0.47596141076974163], [0.9375, 0.3756641316577145], [0.8125, 0.3606599888604194], [0.96875, 0.35949501807058937], [0.84375, 0.36446458996437237], [0.96875, 0.18482491182311023], [0.78125, 0.18098240033992852], [0.71875, 0.17850802101961039], [0.8125, 0.3610052224999727], [0.96875, 0.18019720004846507], [0.875, 0.184398690246951]], "4": [[0.8125, 0.08268426857573452], [0.59375, 0.6019808944553304], [0.84375, 0.20237091409381947], [0.90625, 0.5868683969704023], [0.90625, 0.005189351967743505], [0.75, 0.196297680331043], [0.84375, 0.1944846139326799], [0.78125, 0.0040932815050851445], [0.625, 0.39813113999765193], [0.78125, 0.1969129007197381], [1.0, 0.19735734292704699], [1.0, 0.3840947009036597], [0.71875, 0.5834996505941881], [0.8125, 0.20740371069587127], [0.59375, 0.5879846245683211], [0.96875, 0.40247990460341043], [0.65625, 0.5906147851315495], [0.96875, 0.5803662545348516], [0.84375, 0.4013632168666845], [0.5625, 0.20198767871561074], [0.5625, 0.3976636564260687], [0.90625, 0.38853813317291497], [0.875, 0.1979245201946611], [0.875, 0.5816176805599156], [0.71875, 0.7845494708059277], [0.8125, 0.40784763738327], [0.5, 0.201600052396806]], "epsilon": [1.0, 0.9801, 0.8179069375972307, 0.7323033696543974, 0.5582661385478638, 0.48499137027416284, 0.44304798162617254, 0.35516081470507305, 0.270754259511994, 0.22823046013534068], "6": [[0.625, 0.5109697910335171], [0.71875, 0.2208270478775365], [0.96875, 0.0013765599685200414], [0.96875, 0.22007020320687687], [0.75, 0.662098228557884], [0.71875, 0.43603149408427555], [0.84375, 0.4327766016559753], [0.84375, 0.012869411102570893], [0.40625, 0.4394027163842793]], "7": [[0.78125, 0.03751644773370799], [0.4375, 0.45474275955925236], [0.78125, 0.22452498141955068], [0.78125, 0.23793851322114534], [0.75, 0.662471981726668], [0.5625, 0.23904828084739194], [0.6875, 0.0053811426703589404], [0.6875, 0.6668485867649068], [0.8125, 0.22780145194764145], [0.84375, 0.002619855691882833], [0.71875, 0.4606748388158195], [0.84375, 0.6693669431141274], [0.75, 0.6839271543205996], [0.78125, 0.22632812914725697], [0.8125, 0.0026546307878732023], [0.875, 0.4547444797585243], [0.78125, 0.23614446510134712], [0.6875, 0.44599002644386054], [0.71875, 0.00573475455166772], [0.65625, 0.4559656004164694], [0.6875, 0.44694134184567247], [0.71875, 0.4415848896558998]], "8": [[0.6875, 0.2659043434614432], [0.78125, 0.22896798788440265], [0.875, 0.0024337116077237653], [0.875, 0.0008257605176797966], [0.875, 0.23162380675150906], [0.84375, 0.47484411229028645], [0.8125, 0.7072254465955439], [0.75, 0.46168735669357375], [0.75, 0.4791575672110753], [0.90625, 0.47585919397590715], [0.65625, 0.7082429719038856], [0.78125, 0.23845258316089257], [0.90625, 0.2237032590810628], [0.84375, 0.43884176211492587], [0.6875, 0.44991381713828105], [0.59375, 0.7046764374858867], [0.90625, 0.2502194252592034], [0.84375, 0.24884406149789307], [0.78125, 0.4651371523771175], [0.5625, 0.2427122875724308], [0.59375, 0.6908389456918371], [0.6875, 0.44347017514340337], [0.6875, 0.24366820139772472], [0.71875, 0.46215250703792776], [0.75, 0.2336457912529113], [0.71875, 0.680295297482651], [0.5, 0.2360739572395687]], "9": [[0.625, 0.02360913623090255], [0.6875, 0.4719758348862797], [0.875, 0.4963955253423453], [0.71875, 1.193862676492543], [0.8125, 0.703092464809771], [0.71875, 0.7228946388519262], [0.875, 0.25303272018214784], [0.75, 0.47268387607698514], [0.65625, 0.003992215552898415], [0.8125, 0.002561985933752453], [0.90625, 0.24311485578962788], [0.8125, 0.4729691086128902], [0.6875, 0.25338884893631075], [0.65625, 0.737885961411564], [0.65625, 0.739399247459886], [0.84375, 0.26253236200579977], [0.8125, 0.9409615099827491]], "mean": [0, 0, 0, 0, 0, 0, 0, 0, 0, 0], "score": [10, 23, 18, 11, 27, 14, 9, 22, 27, 17], "5": [[0.78125, 0.2722737326222955], [1.0, 0.004210413380874911], [0.96875, 0.20831813953773803], [0.90625, 0.4200892006250303], [0.84375, 0.41664259776792534], [0.96875, 0.2110891802191901], [0.875, 0.6216886160782451], [0.875, 0.004570206148230227], [0.46875, 0.21437942334461013], [0.875, 0.20995853829833777], [0.90625, 0.41532636537324663], [0.75, 0.41679265485542105], [0.96875, 0.6150153412710253], [0.875, 0.42601337048495225]]}